<?xml version="1.0" encoding="UTF-8"?>

<mule xmlns:dw="http://www.mulesoft.org/schema/mule/ee/dw" xmlns:metadata="http://www.mulesoft.org/schema/mule/metadata" xmlns:json="http://www.mulesoft.org/schema/mule/json" xmlns:http="http://www.mulesoft.org/schema/mule/http" xmlns:jms="http://www.mulesoft.org/schema/mule/jms" xmlns:tracking="http://www.mulesoft.org/schema/mule/ee/tracking" xmlns="http://www.mulesoft.org/schema/mule/core" xmlns:doc="http://www.mulesoft.org/schema/mule/documentation"
	xmlns:spring="http://www.springframework.org/schema/beans" 
	xmlns:xsi="http://www.w3.org/2001/XMLSchema-instance"
	xsi:schemaLocation="http://www.springframework.org/schema/beans http://www.springframework.org/schema/beans/spring-beans-current.xsd
http://www.mulesoft.org/schema/mule/core http://www.mulesoft.org/schema/mule/core/current/mule.xsd
http://www.mulesoft.org/schema/mule/http http://www.mulesoft.org/schema/mule/http/current/mule-http.xsd
http://www.mulesoft.org/schema/mule/jms http://www.mulesoft.org/schema/mule/jms/current/mule-jms.xsd
http://www.mulesoft.org/schema/mule/ee/tracking http://www.mulesoft.org/schema/mule/ee/tracking/current/mule-tracking-ee.xsd
http://www.mulesoft.org/schema/mule/json http://www.mulesoft.org/schema/mule/json/current/mule-json.xsd
http://www.mulesoft.org/schema/mule/ee/dw http://www.mulesoft.org/schema/mule/ee/dw/current/dw.xsd">
    <http:listener-config name="HTTP_Listener_Configuration" host="0.0.0.0" port="8081" doc:name="HTTP Listener Configuration"/>
    <jms:activemq-connector name="Active_MQ" username="admin" password="password" brokerURL="tcp://localhost:61616" validateConnections="true" doc:name="Active MQ"/>
    <flow name="poc-jms-csv-sender-Flow">
        <http:listener config-ref="HTTP_Listener_Configuration" path="/jms-csv" allowedMethods="POST" doc:name="HTTP"/>
        <set-property propertyName="Content-Type" value="application/x-www-form-urlencoded" doc:name="Property"/>
        <set-payload value="#[message.inboundAttachments.'1'.content]" doc:name="Set Payload"/>
        <jms:outbound-endpoint queue="jmsQueue" connector-ref="Active_MQ" doc:name="JMS"/>
    </flow>
    <flow name="poc-jms-csv-receiver-Flow">
        <jms:inbound-endpoint queue="jmsQueue" connector-ref="Active_MQ" doc:name="JMS">
            <jms:transaction action="ALWAYS_BEGIN"/>
        </jms:inbound-endpoint>
        <byte-array-to-object-transformer doc:name="Byte Array to Object"/>
        <logger message="#[payload]" level="INFO" doc:name="Logger"/>
    </flow>
</mule>
