<?xml version="1.0" encoding="UTF-8"?>

<mule xmlns="http://www.mulesoft.org/schema/mule/core" xmlns:doc="http://www.mulesoft.org/schema/mule/documentation"
	xmlns:spring="http://www.springframework.org/schema/beans" 
	xmlns:xsi="http://www.w3.org/2001/XMLSchema-instance"
	xsi:schemaLocation="http://www.springframework.org/schema/beans http://www.springframework.org/schema/beans/spring-beans-current.xsd
http://www.mulesoft.org/schema/mule/core http://www.mulesoft.org/schema/mule/core/current/mule.xsd">
    <choice-exception-strategy name="Exception_Handler_Strategy">
        <catch-exception-strategy when="#[exception.causeMatches('com.mulesoft.weave.*')]" doc:name="Data Exception Strategy">
            <set-payload value="No details found for #[sessionVars.card + '\n' + exception]" doc:name="Set Payload"/>
            <set-property propertyName="hhtp.status" value="400" doc:name="Property"/>
            <logger level="INFO" doc:name="Logger"/>
        </catch-exception-strategy>
        <catch-exception-strategy doc:name="Default Exception Strategy">
            <set-payload value="Details cannot be fetched. Please try again later. #['\n' + exception]" doc:name="Set Payload"/>
            <set-property propertyName="http.status" value="500" doc:name="Property"/>
            <logger level="INFO" doc:name="Logger"/>
        </catch-exception-strategy>
    </choice-exception-strategy>
</mule>
